,Company Name,Job Title,Job Location,Job Type,Work Format
0,Hike,"Product Manager (Full Time, Remote)","Delhi Cantonment, Delhi, India","Delhi Cantonment, Delhi, India","Sales, Business Development, and Marketing"
1,Hike,"Product Manager (Full Time, Remote)","Delhi Cantonment, Delhi, India","Delhi Cantonment, Delhi, India",
2,Hike,"Product Manager (Full Time, Remote)","Delhi Cantonment, Delhi, India","Delhi Cantonment, Delhi, India",Information Technology
3,Hike,"Product Manager (Full Time, Remote)","Delhi Cantonment, Delhi, India","Delhi Cantonment, Delhi, India",Information Technology
4,Hike,"Product Manager (Full Time, Remote)","Delhi Cantonment, Delhi, India","Delhi Cantonment, Delhi, India",Information Technology
5,Hike,"Product Manager (Full Time, Remote)","Delhi Cantonment, Delhi, India","Delhi Cantonment, Delhi, India",Administrative
6,Hike,"Product Manager (Full Time, Remote)","Delhi Cantonment, Delhi, India","Delhi Cantonment, Delhi, India",Administrative
7,Hike,"Product Manager (Full Time, Remote)","Delhi Cantonment, Delhi, India","Delhi Cantonment, Delhi, India",Administrative
8,Hike,"Product Manager (Full Time, Remote)","Delhi Cantonment, Delhi, India","Delhi Cantonment, Delhi, India","Design, Art/Creative, and Information Technology"
9,Hike,"Product Manager (Full Time, Remote)","Delhi Cantonment, Delhi, India","Delhi Cantonment, Delhi, India",Information Technology
10,Hike,"Product Manager (Full Time, Remote)","Delhi Cantonment, Delhi, India","Delhi Cantonment, Delhi, India",Administrative
11,Hike,"Product Manager (Full Time, Remote)","Delhi Cantonment, Delhi, India","Delhi Cantonment, Delhi, India",Administrative
12,Hike,"Product Manager (Full Time, Remote)","Delhi Cantonment, Delhi, India","Delhi Cantonment, Delhi, India",Administrative
13,Hike,"Product Manager (Full Time, Remote)","Delhi Cantonment, Delhi, India","Delhi Cantonment, Delhi, India",Administrative
14,Hike,"Product Manager (Full Time, Remote)","Delhi Cantonment, Delhi, India","Delhi Cantonment, Delhi, India",Administrative
15,Hike,"Product Manager (Full Time, Remote)","Delhi Cantonment, Delhi, India","Delhi Cantonment, Delhi, India",Administrative
16,Hike,"Product Manager (Full Time, Remote)","Delhi Cantonment, Delhi, India","Delhi Cantonment, Delhi, India",Information Technology
17,Hike,"Product Manager (Full Time, Remote)","Delhi Cantonment, Delhi, India","Delhi Cantonment, Delhi, India",Administrative
18,Hike,"Product Manager (Full Time, Remote)","Delhi Cantonment, Delhi, India","Delhi Cantonment, Delhi, India",Administrative
19,Hike,"Product Manager (Full Time, Remote)","Delhi Cantonment, Delhi, India","Delhi Cantonment, Delhi, India",Administrative
20,Hike,"Product Manager (Full Time, Remote)","Delhi Cantonment, Delhi, India","Delhi Cantonment, Delhi, India",
21,Hike,"Product Manager (Full Time, Remote)","Delhi Cantonment, Delhi, India","Delhi Cantonment, Delhi, India",Administrative
22,Hike,"Product Manager (Full Time, Remote)","Delhi Cantonment, Delhi, India","Delhi Cantonment, Delhi, India",
23,Hike,"Product Manager (Full Time, Remote)","Delhi Cantonment, Delhi, India","Delhi Cantonment, Delhi, India",Administrative
